clip_id,speaker_id,split,duration_sec,transcript_file,mouth_file
grid_s08_clip_0003,grid_s08,train,4.44,grid_s08_clip_0003.txt,grid_s08_clip_0003_mouth.npy
grid_s01_clip_0001,grid_s01,train,4.72,grid_s01_clip_0001.txt,grid_s01_clip_0001_mouth.npy
grid_s06_clip_0003,grid_s06,train,5.0,grid_s06_clip_0003.txt,grid_s06_clip_0003_mouth.npy
grid_s08_clip_0004,grid_s08,train,4.72,grid_s08_clip_0004.txt,grid_s08_clip_0004_mouth.npy
grid_s05_clip_0003,grid_s05,train,5.84,grid_s05_clip_0003.txt,grid_s05_clip_0003_mouth.npy
grid_s08_clip_0001,grid_s08,train,5.0,grid_s08_clip_0001.txt,grid_s08_clip_0001_mouth.npy
grid_s03_clip_0003,grid_s03,train,4.44,grid_s03_clip_0003.txt,grid_s03_clip_0003_mouth.npy
grid_s18_clip_0003,grid_s18,train,4.44,grid_s18_clip_0003.txt,grid_s18_clip_0003_mouth.npy
grid_s02_clip_0001,grid_s02,train,5.0,grid_s02_clip_0001.txt,grid_s02_clip_0001_mouth.npy
grid_s04_clip_0001,grid_s04,train,5.0,grid_s04_clip_0001.txt,grid_s04_clip_0001_mouth.npy
grid_s13_clip_0002,grid_s13,train,5.84,grid_s13_clip_0002.txt,grid_s13_clip_0002_mouth.npy
grid_s09_clip_0002,grid_s09,train,5.28,grid_s09_clip_0002.txt,grid_s09_clip_0002_mouth.npy
grid_s17_clip_0004,grid_s17,train,5.28,grid_s17_clip_0004.txt,grid_s17_clip_0004_mouth.npy
grid_s09_clip_0004,grid_s09,train,5.0,grid_s09_clip_0004.txt,grid_s09_clip_0004_mouth.npy
grid_s18_clip_0001,grid_s18,train,5.0,grid_s18_clip_0001.txt,grid_s18_clip_0001_mouth.npy
grid_s12_clip_0002,grid_s12,train,4.72,grid_s12_clip_0002.txt,grid_s12_clip_0002_mouth.npy
grid_s19_clip_0002,grid_s19,train,5.28,grid_s19_clip_0002.txt,grid_s19_clip_0002_mouth.npy
grid_s16_clip_0002,grid_s16,train,5.0,grid_s16_clip_0002.txt,grid_s16_clip_0002_mouth.npy
grid_s14_clip_0004,grid_s14,train,5.0,grid_s14_clip_0004.txt,grid_s14_clip_0004_mouth.npy
grid_s11_clip_0001,grid_s11,train,4.72,grid_s11_clip_0001.txt,grid_s11_clip_0001_mouth.npy
grid_s03_clip_0002,grid_s03,train,5.84,grid_s03_clip_0002.txt,grid_s03_clip_0002_mouth.npy
grid_s17_clip_0001,grid_s17,train,5.0,grid_s17_clip_0001.txt,grid_s17_clip_0001_mouth.npy
grid_s02_clip_0002,grid_s02,train,4.72,grid_s02_clip_0002.txt,grid_s02_clip_0002_mouth.npy
grid_s12_clip_0004,grid_s12,train,5.28,grid_s12_clip_0004.txt,grid_s12_clip_0004_mouth.npy
grid_s09_clip_0003,grid_s09,train,5.56,grid_s09_clip_0003.txt,grid_s09_clip_0003_mouth.npy
grid_s16_clip_0003,grid_s16,train,5.0,grid_s16_clip_0003.txt,grid_s16_clip_0003_mouth.npy
grid_s11_clip_0003,grid_s11,train,5.0,grid_s11_clip_0003.txt,grid_s11_clip_0003_mouth.npy
grid_s14_clip_0003,grid_s14,train,5.56,grid_s14_clip_0003.txt,grid_s14_clip_0003_mouth.npy
grid_s05_clip_0001,grid_s05,train,5.28,grid_s05_clip_0001.txt,grid_s05_clip_0001_mouth.npy
grid_s10_clip_0004,grid_s10,train,5.0,grid_s10_clip_0004.txt,grid_s10_clip_0004_mouth.npy
grid_s15_clip_0001,grid_s15,train,5.28,grid_s15_clip_0001.txt,grid_s15_clip_0001_mouth.npy
grid_s20_clip_0004,grid_s20,train,5.0,grid_s20_clip_0004.txt,grid_s20_clip_0004_mouth.npy
grid_s02_clip_0004,grid_s02,train,5.28,grid_s02_clip_0004.txt,grid_s02_clip_0004_mouth.npy
grid_s13_clip_0003,grid_s13,train,4.44,grid_s13_clip_0003.txt,grid_s13_clip_0003_mouth.npy
grid_s14_clip_0002,grid_s14,train,5.28,grid_s14_clip_0002.txt,grid_s14_clip_0002_mouth.npy
grid_s05_clip_0004,grid_s05,train,5.0,grid_s05_clip_0004.txt,grid_s05_clip_0004_mouth.npy
grid_s17_clip_0003,grid_s17,train,4.72,grid_s17_clip_0003.txt,grid_s17_clip_0003_mouth.npy
grid_s07_clip_0002,grid_s07,train,4.72,grid_s07_clip_0002.txt,grid_s07_clip_0002_mouth.npy
grid_s12_clip_0001,grid_s12,train,5.0,grid_s12_clip_0001.txt,grid_s12_clip_0001_mouth.npy
grid_s04_clip_0002,grid_s04,train,5.28,grid_s04_clip_0002.txt,grid_s04_clip_0002_mouth.npy
grid_s20_clip_0001,grid_s20,train,5.28,grid_s20_clip_0001.txt,grid_s20_clip_0001_mouth.npy
grid_s01_clip_0004,grid_s01,train,5.0,grid_s01_clip_0004.txt,grid_s01_clip_0004_mouth.npy
grid_s05_clip_0002,grid_s05,train,5.28,grid_s05_clip_0002.txt,grid_s05_clip_0002_mouth.npy
grid_s10_clip_0003,grid_s10,train,5.84,grid_s10_clip_0003.txt,grid_s10_clip_0003_mouth.npy
grid_s03_clip_0001,grid_s03,train,5.0,grid_s03_clip_0001.txt,grid_s03_clip_0001_mouth.npy
grid_s17_clip_0002,grid_s17,train,4.72,grid_s17_clip_0002.txt,grid_s17_clip_0002_mouth.npy
grid_s02_clip_0003,grid_s02,train,4.72,grid_s02_clip_0003.txt,grid_s02_clip_0003_mouth.npy
grid_s10_clip_0001,grid_s10,train,5.28,grid_s10_clip_0001.txt,grid_s10_clip_0001_mouth.npy
grid_s19_clip_0001,grid_s19,train,5.0,grid_s19_clip_0001.txt,grid_s19_clip_0001_mouth.npy
grid_s15_clip_0003,grid_s15,train,5.84,grid_s15_clip_0003.txt,grid_s15_clip_0003_mouth.npy
grid_s12_clip_0003,grid_s12,train,4.72,grid_s12_clip_0003.txt,grid_s12_clip_0003_mouth.npy
grid_s20_clip_0003,grid_s20,train,5.84,grid_s20_clip_0003.txt,grid_s20_clip_0003_mouth.npy
grid_s04_clip_0004,grid_s04,train,5.0,grid_s04_clip_0004.txt,grid_s04_clip_0004_mouth.npy
grid_s07_clip_0004,grid_s07,train,5.28,grid_s07_clip_0004.txt,grid_s07_clip_0004_mouth.npy
grid_s11_clip_0002,grid_s11,train,5.0,grid_s11_clip_0002.txt,grid_s11_clip_0002_mouth.npy
grid_s07_clip_0003,grid_s07,train,4.72,grid_s07_clip_0003.txt,grid_s07_clip_0003_mouth.npy
grid_s13_clip_0001,grid_s13,train,5.0,grid_s13_clip_0001.txt,grid_s13_clip_0001_mouth.npy
grid_s07_clip_0001,grid_s07,train,5.0,grid_s07_clip_0001.txt,grid_s07_clip_0001_mouth.npy
grid_s11_clip_0004,grid_s11,train,5.0,grid_s11_clip_0004.txt,grid_s11_clip_0004_mouth.npy
grid_s20_clip_0002,grid_s20,train,5.28,grid_s20_clip_0002.txt,grid_s20_clip_0002_mouth.npy
grid_s15_clip_0002,grid_s15,train,5.28,grid_s15_clip_0002.txt,grid_s15_clip_0002_mouth.npy
grid_s03_clip_0004,grid_s03,train,4.72,grid_s03_clip_0004.txt,grid_s03_clip_0004_mouth.npy
grid_s09_clip_0001,grid_s09,train,5.0,grid_s09_clip_0001.txt,grid_s09_clip_0001_mouth.npy
grid_s19_clip_0004,grid_s19,train,5.0,grid_s19_clip_0004.txt,grid_s19_clip_0004_mouth.npy
grid_s15_clip_0004,grid_s15,val,5.0,grid_s15_clip_0004.txt,grid_s15_clip_0004_mouth.npy
grid_s16_clip_0004,grid_s16,val,5.0,grid_s16_clip_0004.txt,grid_s16_clip_0004_mouth.npy
grid_s18_clip_0002,grid_s18,val,5.84,grid_s18_clip_0002.txt,grid_s18_clip_0002_mouth.npy
grid_s10_clip_0002,grid_s10,val,5.28,grid_s10_clip_0002.txt,grid_s10_clip_0002_mouth.npy
grid_s08_clip_0002,grid_s08,val,5.84,grid_s08_clip_0002.txt,grid_s08_clip_0002_mouth.npy
grid_s01_clip_0002,grid_s01,val,5.0,grid_s01_clip_0002.txt,grid_s01_clip_0002_mouth.npy
grid_s14_clip_0001,grid_s14,val,5.0,grid_s14_clip_0001.txt,grid_s14_clip_0001_mouth.npy
grid_s06_clip_0002,grid_s06,val,5.0,grid_s06_clip_0002.txt,grid_s06_clip_0002_mouth.npy
grid_s01_clip_0003,grid_s01,test,5.0,grid_s01_clip_0003.txt,grid_s01_clip_0003_mouth.npy
grid_s06_clip_0004,grid_s06,test,5.0,grid_s06_clip_0004.txt,grid_s06_clip_0004_mouth.npy
grid_s19_clip_0003,grid_s19,test,5.56,grid_s19_clip_0003.txt,grid_s19_clip_0003_mouth.npy
grid_s06_clip_0001,grid_s06,test,4.72,grid_s06_clip_0001.txt,grid_s06_clip_0001_mouth.npy
grid_s16_clip_0001,grid_s16,test,4.72,grid_s16_clip_0001.txt,grid_s16_clip_0001_mouth.npy
grid_s18_clip_0004,grid_s18,test,4.72,grid_s18_clip_0004.txt,grid_s18_clip_0004_mouth.npy
grid_s04_clip_0003,grid_s04,test,5.56,grid_s04_clip_0003.txt,grid_s04_clip_0003_mouth.npy
grid_s13_clip_0004,grid_s13,test,4.72,grid_s13_clip_0004.txt,grid_s13_clip_0004_mouth.npy
